age,count,date,gender,medical_worker,prefecture,status
-64,79,2021-04-12,F,FALSE,40,1
65-,292,2021-04-12,F,FALSE,40,1
-64,17,2021-04-12,M,FALSE,40,1
65-,202,2021-04-12,M,FALSE,40,1
UNK,1,2021-04-12,U,FALSE,40,1
-64,83,2021-04-13,F,FALSE,40,1
65-,7,2021-04-13,F,FALSE,40,1
-64,28,2021-04-13,M,FALSE,40,1
65-,9,2021-04-13,M,FALSE,40,1
-64,102,2021-04-14,F,FALSE,40,1
65-,13,2021-04-14,F,FALSE,40,1
-64,40,2021-04-14,M,FALSE,40,1
65-,7,2021-04-14,M,FALSE,40,1
-64,120,2021-04-15,F,FALSE,40,1
65-,13,2021-04-15,F,FALSE,40,1
-64,51,2021-04-15,M,FALSE,40,1
65-,18,2021-04-15,M,FALSE,40,1
-64,221,2021-04-16,F,FALSE,40,1
65-,26,2021-04-16,F,FALSE,40,1
-64,67,2021-04-16,M,FALSE,40,1
65-,22,2021-04-16,M,FALSE,40,1
UNK,2,2021-04-16,U,FALSE,40,1
-64,126,2021-04-17,F,FALSE,40,1
65-,17,2021-04-17,F,FALSE,40,1
-64,47,2021-04-17,M,FALSE,40,1
65-,16,2021-04-17,M,FALSE,40,1
-64,5,2021-04-18,F,FALSE,40,1
-64,9,2021-04-18,M,FALSE,40,1
65-,1,2021-04-18,M,FALSE,40,1
-64,347,2021-04-19,F,FALSE,40,1
65-,283,2021-04-19,F,FALSE,40,1
-64,142,2021-04-19,M,FALSE,40,1
65-,204,2021-04-19,M,FALSE,40,1
UNK,27,2021-04-19,U,FALSE,40,1
-64,463,2021-04-20,F,FALSE,40,1
65-,446,2021-04-20,F,FALSE,40,1
-64,214,2021-04-20,M,FALSE,40,1
65-,316,2021-04-20,M,FALSE,40,1
UNK,29,2021-04-20,U,FALSE,40,1
-64,429,2021-04-21,F,FALSE,40,1
65-,439,2021-04-21,F,FALSE,40,1
-64,210,2021-04-21,M,FALSE,40,1
65-,251,2021-04-21,M,FALSE,40,1
UNK,29,2021-04-21,U,FALSE,40,1
-64,549,2021-04-22,F,FALSE,40,1
65-,320,2021-04-22,F,FALSE,40,1
-64,256,2021-04-22,M,FALSE,40,1
65-,200,2021-04-22,M,FALSE,40,1
UNK,23,2021-04-22,U,FALSE,40,1
-64,613,2021-04-23,F,FALSE,40,1
65-,381,2021-04-23,F,FALSE,40,1
-64,308,2021-04-23,M,FALSE,40,1
65-,215,2021-04-23,M,FALSE,40,1
UNK,31,2021-04-23,U,FALSE,40,1
-64,193,2021-04-24,F,FALSE,40,1
65-,275,2021-04-24,F,FALSE,40,1
-64,77,2021-04-24,M,FALSE,40,1
65-,143,2021-04-24,M,FALSE,40,1
-64,1,2021-04-24,U,FALSE,40,1
UNK,16,2021-04-24,U,FALSE,40,1
-64,19,2021-04-25,F,FALSE,40,1
65-,253,2021-04-25,F,FALSE,40,1
-64,2,2021-04-25,M,FALSE,40,1
65-,95,2021-04-25,M,FALSE,40,1
-64,1,2021-04-25,U,FALSE,40,1
UNK,1,2021-04-25,U,FALSE,40,1
-64,1041,2021-04-26,F,FALSE,40,1
65-,603,2021-04-26,F,FALSE,40,1
-64,421,2021-04-26,M,FALSE,40,1
65-,310,2021-04-26,M,FALSE,40,1
UNK,66,2021-04-26,U,FALSE,40,1
-64,1765,2021-04-27,F,FALSE,40,1
65-,480,2021-04-27,F,FALSE,40,1
-64,670,2021-04-27,M,FALSE,40,1
65-,273,2021-04-27,M,FALSE,40,1
UNK,80,2021-04-27,U,FALSE,40,1
-64,1853,2021-04-28,F,FALSE,40,1
65-,613,2021-04-28,F,FALSE,40,1
-64,663,2021-04-28,M,FALSE,40,1
65-,331,2021-04-28,M,FALSE,40,1
UNK,26,2021-04-28,U,FALSE,40,1
-64,158,2021-04-29,F,FALSE,40,1
65-,63,2021-04-29,F,FALSE,40,1
-64,72,2021-04-29,M,FALSE,40,1
65-,19,2021-04-29,M,FALSE,40,1
UNK,4,2021-04-29,U,FALSE,40,1
-64,1626,2021-04-30,F,FALSE,40,1
65-,230,2021-04-30,F,FALSE,40,1
-64,554,2021-04-30,M,FALSE,40,1
65-,152,2021-04-30,M,FALSE,40,1
UNK,53,2021-04-30,U,FALSE,40,1
-64,429,2021-05-01,F,FALSE,40,1
65-,178,2021-05-01,F,FALSE,40,1
-64,151,2021-05-01,M,FALSE,40,1
65-,78,2021-05-01,M,FALSE,40,1
UNK,41,2021-05-01,U,FALSE,40,1
-64,59,2021-05-02,F,FALSE,40,1
65-,266,2021-05-02,F,FALSE,40,1
-64,13,2021-05-02,M,FALSE,40,1
65-,159,2021-05-02,M,FALSE,40,1
UNK,2,2021-05-02,U,FALSE,40,1
-64,71,2021-05-03,F,FALSE,40,1
-64,8,2021-05-03,F,FALSE,40,2
65-,165,2021-05-03,F,FALSE,40,1
65-,285,2021-05-03,F,FALSE,40,2
-64,40,2021-05-03,M,FALSE,40,1
65-,81,2021-05-03,M,FALSE,40,1
65-,194,2021-05-03,M,FALSE,40,2
UNK,4,2021-05-03,U,FALSE,40,1
-64,51,2021-05-04,F,FALSE,40,1
65-,245,2021-05-04,F,FALSE,40,1
65-,1,2021-05-04,F,FALSE,40,2
-64,28,2021-05-04,M,FALSE,40,1
65-,107,2021-05-04,M,FALSE,40,1
UNK,13,2021-05-04,U,FALSE,40,1
-64,31,2021-05-05,F,FALSE,40,1
65-,183,2021-05-05,F,FALSE,40,1
-64,10,2021-05-05,M,FALSE,40,1
65-,49,2021-05-05,M,FALSE,40,1
UNK,5,2021-05-05,U,FALSE,40,1
-64,131,2021-05-06,F,FALSE,40,1
-64,83,2021-05-06,F,FALSE,40,2
65-,972,2021-05-06,F,FALSE,40,1
65-,12,2021-05-06,F,FALSE,40,2
-64,61,2021-05-06,M,FALSE,40,1
-64,29,2021-05-06,M,FALSE,40,2
65-,578,2021-05-06,M,FALSE,40,1
65-,19,2021-05-06,M,FALSE,40,2
UNK,44,2021-05-06,U,FALSE,40,1
UNK,1,2021-05-06,U,FALSE,40,2
-64,539,2021-05-07,F,FALSE,40,1
-64,247,2021-05-07,F,FALSE,40,2
65-,577,2021-05-07,F,FALSE,40,1
65-,20,2021-05-07,F,FALSE,40,2
-64,154,2021-05-07,M,FALSE,40,1
-64,47,2021-05-07,M,FALSE,40,2
65-,347,2021-05-07,M,FALSE,40,1
65-,29,2021-05-07,M,FALSE,40,2
UNK,36,2021-05-07,U,FALSE,40,1
UNK,1,2021-05-07,U,FALSE,40,2
-64,488,2021-05-08,F,FALSE,40,1
-64,133,2021-05-08,F,FALSE,40,2
65-,1883,2021-05-08,F,FALSE,40,1
65-,15,2021-05-08,F,FALSE,40,2
-64,152,2021-05-08,M,FALSE,40,1
-64,29,2021-05-08,M,FALSE,40,2
65-,1260,2021-05-08,M,FALSE,40,1
65-,11,2021-05-08,M,FALSE,40,2
UNK,23,2021-05-08,U,FALSE,40,1
UNK,1,2021-05-08,U,FALSE,40,2
-64,70,2021-05-09,F,FALSE,40,1
-64,6,2021-05-09,F,FALSE,40,2
65-,1424,2021-05-09,F,FALSE,40,1
65-,5,2021-05-09,F,FALSE,40,2
-64,29,2021-05-09,M,FALSE,40,1
-64,2,2021-05-09,M,FALSE,40,2
65-,1173,2021-05-09,M,FALSE,40,1
65-,5,2021-05-09,M,FALSE,40,2
UNK,10,2021-05-09,U,FALSE,40,1
-64,978,2021-05-10,F,FALSE,40,1
-64,229,2021-05-10,F,FALSE,40,2
65-,1376,2021-05-10,F,FALSE,40,1
65-,270,2021-05-10,F,FALSE,40,2
-64,397,2021-05-10,M,FALSE,40,1
-64,70,2021-05-10,M,FALSE,40,2
65-,721,2021-05-10,M,FALSE,40,1
65-,198,2021-05-10,M,FALSE,40,2
UNK,42,2021-05-10,U,FALSE,40,1
UNK,32,2021-05-10,U,FALSE,40,2
-64,1462,2021-05-11,F,FALSE,40,1
-64,346,2021-05-11,F,FALSE,40,2
65-,1591,2021-05-11,F,FALSE,40,1
65-,435,2021-05-11,F,FALSE,40,2
-64,488,2021-05-11,M,FALSE,40,1
-64,132,2021-05-11,M,FALSE,40,2
65-,763,2021-05-11,M,FALSE,40,1
65-,286,2021-05-11,M,FALSE,40,2
UNK,28,2021-05-11,U,FALSE,40,1
UNK,26,2021-05-11,U,FALSE,40,2
-64,1292,2021-05-12,F,FALSE,40,1
-64,261,2021-05-12,F,FALSE,40,2
65-,5845,2021-05-12,F,FALSE,40,1
65-,366,2021-05-12,F,FALSE,40,2
-64,464,2021-05-12,M,FALSE,40,1
-64,89,2021-05-12,M,FALSE,40,2
65-,4092,2021-05-12,M,FALSE,40,1
65-,201,2021-05-12,M,FALSE,40,2
UNK,28,2021-05-12,U,FALSE,40,1
UNK,21,2021-05-12,U,FALSE,40,2
-64,1211,2021-05-13,F,FALSE,40,1
-64,443,2021-05-13,F,FALSE,40,2
65-,6251,2021-05-13,F,FALSE,40,1
65-,337,2021-05-13,F,FALSE,40,2
-64,373,2021-05-13,M,FALSE,40,1
-64,264,2021-05-13,M,FALSE,40,2
65-,4095,2021-05-13,M,FALSE,40,1
65-,172,2021-05-13,M,FALSE,40,2
-64,43,2021-05-13,U,FALSE,40,1
UNK,39,2021-05-13,U,FALSE,40,1
UNK,32,2021-05-13,U,FALSE,40,2
-64,1188,2021-05-14,F,FALSE,40,1
-64,572,2021-05-14,F,FALSE,40,2
65-,1121,2021-05-14,F,FALSE,40,1
65-,343,2021-05-14,F,FALSE,40,2
-64,380,2021-05-14,M,FALSE,40,1
-64,229,2021-05-14,M,FALSE,40,2
65-,682,2021-05-14,M,FALSE,40,1
65-,171,2021-05-14,M,FALSE,40,2
-64,53,2021-05-14,U,FALSE,40,1
UNK,12,2021-05-14,U,FALSE,40,1
UNK,38,2021-05-14,U,FALSE,40,2
-64,658,2021-05-15,F,FALSE,40,1
-64,172,2021-05-15,F,FALSE,40,2
65-,5971,2021-05-15,F,FALSE,40,1
65-,269,2021-05-15,F,FALSE,40,2
-64,140,2021-05-15,M,FALSE,40,1
-64,48,2021-05-15,M,FALSE,40,2
65-,4094,2021-05-15,M,FALSE,40,1
65-,147,2021-05-15,M,FALSE,40,2
-64,54,2021-05-15,U,FALSE,40,1
-64,1,2021-05-15,U,FALSE,40,2
UNK,19,2021-05-15,U,FALSE,40,1
UNK,15,2021-05-15,U,FALSE,40,2
-64,168,2021-05-16,F,FALSE,40,1
-64,21,2021-05-16,F,FALSE,40,2
65-,10447,2021-05-16,F,FALSE,40,1
65-,243,2021-05-16,F,FALSE,40,2
-64,55,2021-05-16,M,FALSE,40,1
-64,3,2021-05-16,M,FALSE,40,2
65-,6767,2021-05-16,M,FALSE,40,1
65-,95,2021-05-16,M,FALSE,40,2
-64,44,2021-05-16,U,FALSE,40,1
UNK,38,2021-05-16,U,FALSE,40,1
-64,1087,2021-05-17,F,FALSE,40,1
-64,797,2021-05-17,F,FALSE,40,2
65-,2562,2021-05-17,F,FALSE,40,1
65-,548,2021-05-17,F,FALSE,40,2
-64,335,2021-05-17,M,FALSE,40,1
-64,374,2021-05-17,M,FALSE,40,2
65-,1380,2021-05-17,M,FALSE,40,1
65-,253,2021-05-17,M,FALSE,40,2
-64,48,2021-05-17,U,FALSE,40,1
UNK,46,2021-05-17,U,FALSE,40,1
UNK,50,2021-05-17,U,FALSE,40,2
-64,1611,2021-05-18,F,FALSE,40,1
-64,1153,2021-05-18,F,FALSE,40,2
65-,3530,2021-05-18,F,FALSE,40,1
65-,451,2021-05-18,F,FALSE,40,2
-64,492,2021-05-18,M,FALSE,40,1
-64,398,2021-05-18,M,FALSE,40,2
65-,2161,2021-05-18,M,FALSE,40,1
65-,202,2021-05-18,M,FALSE,40,2
-64,45,2021-05-18,U,FALSE,40,1
UNK,62,2021-05-18,U,FALSE,40,1
UNK,78,2021-05-18,U,FALSE,40,2
-64,1724,2021-05-19,F,FALSE,40,1
-64,1202,2021-05-19,F,FALSE,40,2
65-,10606,2021-05-19,F,FALSE,40,1
65-,479,2021-05-19,F,FALSE,40,2
-64,504,2021-05-19,M,FALSE,40,1
-64,325,2021-05-19,M,FALSE,40,2
65-,7161,2021-05-19,M,FALSE,40,1
65-,251,2021-05-19,M,FALSE,40,2
-64,3,2021-05-19,U,FALSE,40,1
UNK,63,2021-05-19,U,FALSE,40,1
UNK,21,2021-05-19,U,FALSE,40,2
-64,1692,2021-05-20,F,FALSE,40,1
-64,537,2021-05-20,F,FALSE,40,2
65-,11235,2021-05-20,F,FALSE,40,1
65-,132,2021-05-20,F,FALSE,40,2
-64,554,2021-05-20,M,FALSE,40,1
-64,168,2021-05-20,M,FALSE,40,2
65-,7323,2021-05-20,M,FALSE,40,1
65-,59,2021-05-20,M,FALSE,40,2
-64,3,2021-05-20,U,FALSE,40,1
UNK,71,2021-05-20,U,FALSE,40,1
UNK,5,2021-05-20,U,FALSE,40,2
-64,1701,2021-05-21,F,FALSE,40,1
-64,1216,2021-05-21,F,FALSE,40,2
65-,4560,2021-05-21,F,FALSE,40,1
65-,215,2021-05-21,F,FALSE,40,2
-64,516,2021-05-21,M,FALSE,40,1
-64,374,2021-05-21,M,FALSE,40,2
65-,2827,2021-05-21,M,FALSE,40,1
65-,134,2021-05-21,M,FALSE,40,2
-64,4,2021-05-21,U,FALSE,40,1
UNK,58,2021-05-21,U,FALSE,40,1
UNK,45,2021-05-21,U,FALSE,40,2
-64,810,2021-05-22,F,FALSE,40,1
-64,373,2021-05-22,F,FALSE,40,2
65-,9051,2021-05-22,F,FALSE,40,1
65-,170,2021-05-22,F,FALSE,40,2
-64,256,2021-05-22,M,FALSE,40,1
-64,130,2021-05-22,M,FALSE,40,2
65-,5989,2021-05-22,M,FALSE,40,1
65-,72,2021-05-22,M,FALSE,40,2
-64,1,2021-05-22,U,FALSE,40,1
UNK,38,2021-05-22,U,FALSE,40,1
UNK,48,2021-05-22,U,FALSE,40,2
-64,201,2021-05-23,F,FALSE,40,1
-64,28,2021-05-23,F,FALSE,40,2
65-,14178,2021-05-23,F,FALSE,40,1
65-,314,2021-05-23,F,FALSE,40,2
-64,108,2021-05-23,M,FALSE,40,1
-64,6,2021-05-23,M,FALSE,40,2
65-,9493,2021-05-23,M,FALSE,40,1
65-,173,2021-05-23,M,FALSE,40,2
-64,1,2021-05-23,U,FALSE,40,1
UNK,43,2021-05-23,U,FALSE,40,1
UNK,6,2021-05-23,U,FALSE,40,2
-64,1020,2021-05-24,F,FALSE,40,1
-64,79,2021-05-24,F,FALSE,40,2
65-,9944,2021-05-24,F,FALSE,40,1
65-,113,2021-05-24,F,FALSE,40,2
-64,373,2021-05-24,M,FALSE,40,1
-64,44,2021-05-24,M,FALSE,40,2
65-,6799,2021-05-24,M,FALSE,40,1
65-,66,2021-05-24,M,FALSE,40,2
-64,18,2021-05-24,U,FALSE,40,1
65-,2,2021-05-24,U,FALSE,40,1
UNK,67,2021-05-24,U,FALSE,40,1
UNK,3,2021-05-24,U,FALSE,40,2
-64,1489,2021-05-25,F,FALSE,40,1
-64,57,2021-05-25,F,FALSE,40,2
65-,11592,2021-05-25,F,FALSE,40,1
65-,126,2021-05-25,F,FALSE,40,2
-64,541,2021-05-25,M,FALSE,40,1
-64,23,2021-05-25,M,FALSE,40,2
65-,7413,2021-05-25,M,FALSE,40,1
65-,78,2021-05-25,M,FALSE,40,2
-64,45,2021-05-25,U,FALSE,40,1
-64,1,2021-05-25,U,FALSE,40,2
UNK,103,2021-05-25,U,FALSE,40,1
UNK,2,2021-05-25,U,FALSE,40,2
-64,1494,2021-05-26,F,FALSE,40,1
-64,76,2021-05-26,F,FALSE,40,2
65-,16326,2021-05-26,F,FALSE,40,1
65-,258,2021-05-26,F,FALSE,40,2
-64,579,2021-05-26,M,FALSE,40,1
-64,22,2021-05-26,M,FALSE,40,2
65-,10561,2021-05-26,M,FALSE,40,1
65-,72,2021-05-26,M,FALSE,40,2
-64,53,2021-05-26,U,FALSE,40,1
65-,2,2021-05-26,U,FALSE,40,1
UNK,146,2021-05-26,U,FALSE,40,1
UNK,8,2021-05-26,U,FALSE,40,2
-64,1710,2021-05-27,F,FALSE,40,1
-64,148,2021-05-27,F,FALSE,40,2
65-,16893,2021-05-27,F,FALSE,40,1
65-,788,2021-05-27,F,FALSE,40,2
-64,636,2021-05-27,M,FALSE,40,1
-64,65,2021-05-27,M,FALSE,40,2
65-,11077,2021-05-27,M,FALSE,40,1
65-,468,2021-05-27,M,FALSE,40,2
-64,29,2021-05-27,U,FALSE,40,1
65-,1,2021-05-27,U,FALSE,40,1
65-,1,2021-05-27,U,FALSE,40,2
UNK,119,2021-05-27,U,FALSE,40,1
UNK,36,2021-05-27,U,FALSE,40,2
-64,1482,2021-05-28,F,FALSE,40,1
-64,476,2021-05-28,F,FALSE,40,2
65-,11025,2021-05-28,F,FALSE,40,1
65-,573,2021-05-28,F,FALSE,40,2
-64,578,2021-05-28,M,FALSE,40,1
-64,130,2021-05-28,M,FALSE,40,2
65-,7017,2021-05-28,M,FALSE,40,1
65-,317,2021-05-28,M,FALSE,40,2
-64,162,2021-05-28,U,FALSE,40,1
65-,7,2021-05-28,U,FALSE,40,1
UNK,90,2021-05-28,U,FALSE,40,1
UNK,35,2021-05-28,U,FALSE,40,2
-64,1125,2021-05-29,F,FALSE,40,1
-64,436,2021-05-29,F,FALSE,40,2
65-,11366,2021-05-29,F,FALSE,40,1
65-,1623,2021-05-29,F,FALSE,40,2
-64,437,2021-05-29,M,FALSE,40,1
-64,137,2021-05-29,M,FALSE,40,2
65-,7772,2021-05-29,M,FALSE,40,1
65-,1107,2021-05-29,M,FALSE,40,2
-64,155,2021-05-29,U,FALSE,40,1
65-,2,2021-05-29,U,FALSE,40,1
UNK,64,2021-05-29,U,FALSE,40,1
UNK,20,2021-05-29,U,FALSE,40,2
-64,664,2021-05-30,F,FALSE,40,1
-64,39,2021-05-30,F,FALSE,40,2
65-,14123,2021-05-30,F,FALSE,40,1
65-,1458,2021-05-30,F,FALSE,40,2
-64,312,2021-05-30,M,FALSE,40,1
-64,19,2021-05-30,M,FALSE,40,2
65-,10297,2021-05-30,M,FALSE,40,1
65-,1142,2021-05-30,M,FALSE,40,2
-64,107,2021-05-30,U,FALSE,40,1
65-,4,2021-05-30,U,FALSE,40,1
UNK,50,2021-05-30,U,FALSE,40,1
UNK,5,2021-05-30,U,FALSE,40,2
-64,1060,2021-05-31,F,FALSE,40,1
-64,829,2021-05-31,F,FALSE,40,2
65-,10034,2021-05-31,F,FALSE,40,1
65-,1106,2021-05-31,F,FALSE,40,2
-64,418,2021-05-31,M,FALSE,40,1
-64,313,2021-05-31,M,FALSE,40,2
65-,6764,2021-05-31,M,FALSE,40,1
65-,636,2021-05-31,M,FALSE,40,2
-64,109,2021-05-31,U,FALSE,40,1
65-,1,2021-05-31,U,FALSE,40,1
UNK,81,2021-05-31,U,FALSE,40,1
UNK,21,2021-05-31,U,FALSE,40,2
-64,1169,2021-06-01,F,FALSE,40,1
-64,998,2021-06-01,F,FALSE,40,2
65-,12758,2021-06-01,F,FALSE,40,1
65-,1443,2021-06-01,F,FALSE,40,2
-64,521,2021-06-01,M,FALSE,40,1
-64,293,2021-06-01,M,FALSE,40,2
65-,8809,2021-06-01,M,FALSE,40,1
65-,695,2021-06-01,M,FALSE,40,2
-64,155,2021-06-01,U,FALSE,40,1
65-,4,2021-06-01,U,FALSE,40,1
UNK,97,2021-06-01,U,FALSE,40,1
UNK,10,2021-06-01,U,FALSE,40,2
-64,1243,2021-06-02,F,FALSE,40,1
-64,912,2021-06-02,F,FALSE,40,2
65-,15067,2021-06-02,F,FALSE,40,1
65-,5365,2021-06-02,F,FALSE,40,2
-64,518,2021-06-02,M,FALSE,40,1
-64,296,2021-06-02,M,FALSE,40,2
65-,10336,2021-06-02,M,FALSE,40,1
65-,3824,2021-06-02,M,FALSE,40,2
-64,150,2021-06-02,U,FALSE,40,1
-64,4,2021-06-02,U,FALSE,40,2
65-,5,2021-06-02,U,FALSE,40,1
UNK,99,2021-06-02,U,FALSE,40,1
UNK,10,2021-06-02,U,FALSE,40,2
-64,1446,2021-06-03,F,FALSE,40,1
-64,735,2021-06-03,F,FALSE,40,2
65-,15675,2021-06-03,F,FALSE,40,1
65-,5886,2021-06-03,F,FALSE,40,2
-64,709,2021-06-03,M,FALSE,40,1
-64,201,2021-06-03,M,FALSE,40,2
65-,10924,2021-06-03,M,FALSE,40,1
65-,3929,2021-06-03,M,FALSE,40,2
-64,123,2021-06-03,U,FALSE,40,1
-64,29,2021-06-03,U,FALSE,40,2
65-,4,2021-06-03,U,FALSE,40,1
UNK,89,2021-06-03,U,FALSE,40,1
UNK,23,2021-06-03,U,FALSE,40,2
-64,1311,2021-06-04,F,FALSE,40,1
-64,852,2021-06-04,F,FALSE,40,2
65-,13123,2021-06-04,F,FALSE,40,1
65-,1022,2021-06-04,F,FALSE,40,2
-64,627,2021-06-04,M,FALSE,40,1
-64,270,2021-06-04,M,FALSE,40,2
65-,8797,2021-06-04,M,FALSE,40,1
65-,575,2021-06-04,M,FALSE,40,2
-64,154,2021-06-04,U,FALSE,40,1
-64,58,2021-06-04,U,FALSE,40,2
65-,3,2021-06-04,U,FALSE,40,1
UNK,105,2021-06-04,U,FALSE,40,1
UNK,12,2021-06-04,U,FALSE,40,2
-64,974,2021-06-05,F,FALSE,40,1
-64,707,2021-06-05,F,FALSE,40,2
65-,12457,2021-06-05,F,FALSE,40,1
65-,5576,2021-06-05,F,FALSE,40,2
-64,523,2021-06-05,M,FALSE,40,1
-64,161,2021-06-05,M,FALSE,40,2
65-,8932,2021-06-05,M,FALSE,40,1
65-,3798,2021-06-05,M,FALSE,40,2
-64,82,2021-06-05,U,FALSE,40,1
-64,55,2021-06-05,U,FALSE,40,2
65-,2,2021-06-05,U,FALSE,40,1
UNK,62,2021-06-05,U,FALSE,40,1
UNK,14,2021-06-05,U,FALSE,40,2
-64,683,2021-06-06,F,FALSE,40,1
-64,132,2021-06-06,F,FALSE,40,2
65-,12378,2021-06-06,F,FALSE,40,1
65-,9780,2021-06-06,F,FALSE,40,2
-64,412,2021-06-06,M,FALSE,40,1
-64,40,2021-06-06,M,FALSE,40,2
65-,9324,2021-06-06,M,FALSE,40,1
65-,6345,2021-06-06,M,FALSE,40,2
-64,101,2021-06-06,U,FALSE,40,1
-64,45,2021-06-06,U,FALSE,40,2
65-,1,2021-06-06,U,FALSE,40,1
UNK,29,2021-06-06,U,FALSE,40,1
UNK,25,2021-06-06,U,FALSE,40,2
-64,1130,2021-06-07,F,FALSE,40,1
-64,754,2021-06-07,F,FALSE,40,2
65-,12268,2021-06-07,F,FALSE,40,1
65-,2259,2021-06-07,F,FALSE,40,2
-64,502,2021-06-07,M,FALSE,40,1
-64,262,2021-06-07,M,FALSE,40,2
65-,8790,2021-06-07,M,FALSE,40,1
65-,1183,2021-06-07,M,FALSE,40,2
-64,110,2021-06-07,U,FALSE,40,1
-64,50,2021-06-07,U,FALSE,40,2
65-,4,2021-06-07,U,FALSE,40,1
UNK,101,2021-06-07,U,FALSE,40,1
UNK,28,2021-06-07,U,FALSE,40,2
-64,1663,2021-06-08,F,FALSE,40,1
-64,1197,2021-06-08,F,FALSE,40,2
65-,14956,2021-06-08,F,FALSE,40,1
65-,3042,2021-06-08,F,FALSE,40,2
-64,557,2021-06-08,M,FALSE,40,1
-64,350,2021-06-08,M,FALSE,40,2
65-,10319,2021-06-08,M,FALSE,40,1
65-,1867,2021-06-08,M,FALSE,40,2
-64,143,2021-06-08,U,FALSE,40,1
-64,53,2021-06-08,U,FALSE,40,2
65-,1,2021-06-08,U,FALSE,40,1
UNK,129,2021-06-08,U,FALSE,40,1
UNK,33,2021-06-08,U,FALSE,40,2
-64,1577,2021-06-09,F,FALSE,40,1
-64,1215,2021-06-09,F,FALSE,40,2
65-,14427,2021-06-09,F,FALSE,40,1
65-,9685,2021-06-09,F,FALSE,40,2
-64,553,2021-06-09,M,FALSE,40,1
-64,401,2021-06-09,M,FALSE,40,2
65-,10055,2021-06-09,M,FALSE,40,1
65-,6499,2021-06-09,M,FALSE,40,2
-64,160,2021-06-09,U,FALSE,40,1
-64,13,2021-06-09,U,FALSE,40,2
65-,2,2021-06-09,U,FALSE,40,1
UNK,104,2021-06-09,U,FALSE,40,1
UNK,28,2021-06-09,U,FALSE,40,2
-64,1712,2021-06-10,F,FALSE,40,1
-64,1412,2021-06-10,F,FALSE,40,2
65-,14660,2021-06-10,F,FALSE,40,1
65-,10878,2021-06-10,F,FALSE,40,2
-64,582,2021-06-10,M,FALSE,40,1
-64,460,2021-06-10,M,FALSE,40,2
65-,10178,2021-06-10,M,FALSE,40,1
65-,7077,2021-06-10,M,FALSE,40,2
-64,124,2021-06-10,U,FALSE,40,1
-64,7,2021-06-10,U,FALSE,40,2
UNK,90,2021-06-10,U,FALSE,40,1
UNK,54,2021-06-10,U,FALSE,40,2
-64,1919,2021-06-11,F,FALSE,40,1
-64,1464,2021-06-11,F,FALSE,40,2
65-,13366,2021-06-11,F,FALSE,40,1
65-,4334,2021-06-11,F,FALSE,40,2
-64,651,2021-06-11,M,FALSE,40,1
-64,400,2021-06-11,M,FALSE,40,2
65-,9248,2021-06-11,M,FALSE,40,1
65-,2808,2021-06-11,M,FALSE,40,2
-64,151,2021-06-11,U,FALSE,40,1
-64,5,2021-06-11,U,FALSE,40,2
65-,6,2021-06-11,U,FALSE,40,1
UNK,81,2021-06-11,U,FALSE,40,1
UNK,35,2021-06-11,U,FALSE,40,2
-64,1482,2021-06-12,F,FALSE,40,1
-64,694,2021-06-12,F,FALSE,40,2
65-,12698,2021-06-12,F,FALSE,40,1
65-,8990,2021-06-12,F,FALSE,40,2
-64,583,2021-06-12,M,FALSE,40,1
-64,219,2021-06-12,M,FALSE,40,2
65-,9846,2021-06-12,M,FALSE,40,1
65-,5869,2021-06-12,M,FALSE,40,2
-64,142,2021-06-12,U,FALSE,40,1
-64,3,2021-06-12,U,FALSE,40,2
65-,4,2021-06-12,U,FALSE,40,1
UNK,50,2021-06-12,U,FALSE,40,1
UNK,25,2021-06-12,U,FALSE,40,2
-64,1152,2021-06-13,F,FALSE,40,1
-64,180,2021-06-13,F,FALSE,40,2
65-,10887,2021-06-13,F,FALSE,40,1
65-,13655,2021-06-13,F,FALSE,40,2
-64,425,2021-06-13,M,FALSE,40,1
-64,96,2021-06-13,M,FALSE,40,2
65-,9163,2021-06-13,M,FALSE,40,1
65-,9082,2021-06-13,M,FALSE,40,2
-64,117,2021-06-13,U,FALSE,40,1
65-,3,2021-06-13,U,FALSE,40,1
UNK,30,2021-06-13,U,FALSE,40,1
UNK,31,2021-06-13,U,FALSE,40,2
-64,1182,2021-06-14,F,FALSE,40,1
-64,716,2021-06-14,F,FALSE,40,2
65-,9686,2021-06-14,F,FALSE,40,1
65-,9211,2021-06-14,F,FALSE,40,2
-64,406,2021-06-14,M,FALSE,40,1
-64,288,2021-06-14,M,FALSE,40,2
65-,6728,2021-06-14,M,FALSE,40,1
65-,6325,2021-06-14,M,FALSE,40,2
-64,110,2021-06-14,U,FALSE,40,1
-64,22,2021-06-14,U,FALSE,40,2
65-,4,2021-06-14,U,FALSE,40,1
65-,3,2021-06-14,U,FALSE,40,2
UNK,74,2021-06-14,U,FALSE,40,1
UNK,44,2021-06-14,U,FALSE,40,2
-64,1368,2021-06-15,F,FALSE,40,1
-64,1047,2021-06-15,F,FALSE,40,2
65-,12108,2021-06-15,F,FALSE,40,1
65-,10885,2021-06-15,F,FALSE,40,2
-64,525,2021-06-15,M,FALSE,40,1
-64,388,2021-06-15,M,FALSE,40,2
65-,8630,2021-06-15,M,FALSE,40,1
65-,6968,2021-06-15,M,FALSE,40,2
-64,133,2021-06-15,U,FALSE,40,1
-64,43,2021-06-15,U,FALSE,40,2
65-,3,2021-06-15,U,FALSE,40,1
65-,2,2021-06-15,U,FALSE,40,2
UNK,89,2021-06-15,U,FALSE,40,1
UNK,65,2021-06-15,U,FALSE,40,2
-64,1400,2021-06-16,F,FALSE,40,1
-64,970,2021-06-16,F,FALSE,40,2
65-,13845,2021-06-16,F,FALSE,40,1
65-,15816,2021-06-16,F,FALSE,40,2
-64,639,2021-06-16,M,FALSE,40,1
-64,420,2021-06-16,M,FALSE,40,2
65-,10486,2021-06-16,M,FALSE,40,1
65-,10366,2021-06-16,M,FALSE,40,2
-64,165,2021-06-16,U,FALSE,40,1
-64,53,2021-06-16,U,FALSE,40,2
65-,2,2021-06-16,U,FALSE,40,2
UNK,92,2021-06-16,U,FALSE,40,1
UNK,80,2021-06-16,U,FALSE,40,2
-64,1421,2021-06-17,F,FALSE,40,1
-64,1172,2021-06-17,F,FALSE,40,2
65-,13152,2021-06-17,F,FALSE,40,1
65-,16772,2021-06-17,F,FALSE,40,2
-64,598,2021-06-17,M,FALSE,40,1
-64,489,2021-06-17,M,FALSE,40,2
65-,9810,2021-06-17,M,FALSE,40,1
65-,10994,2021-06-17,M,FALSE,40,2
-64,137,2021-06-17,U,FALSE,40,1
-64,25,2021-06-17,U,FALSE,40,2
65-,1,2021-06-17,U,FALSE,40,1
UNK,72,2021-06-17,U,FALSE,40,1
UNK,65,2021-06-17,U,FALSE,40,2
-64,948,2021-06-18,F,FALSE,40,1
-64,1159,2021-06-18,F,FALSE,40,2
65-,10827,2021-06-18,F,FALSE,40,1
65-,10718,2021-06-18,F,FALSE,40,2
-64,632,2021-06-18,M,FALSE,40,1
-64,432,2021-06-18,M,FALSE,40,2
65-,7841,2021-06-18,M,FALSE,40,1
65-,6871,2021-06-18,M,FALSE,40,2
-64,50,2021-06-18,U,FALSE,40,1
-64,152,2021-06-18,U,FALSE,40,2
65-,6,2021-06-18,U,FALSE,40,1
65-,7,2021-06-18,U,FALSE,40,2
UNK,76,2021-06-18,U,FALSE,40,1
UNK,48,2021-06-18,U,FALSE,40,2
-64,1100,2021-06-19,F,FALSE,40,1
-64,914,2021-06-19,F,FALSE,40,2
65-,11653,2021-06-19,F,FALSE,40,1
65-,10890,2021-06-19,F,FALSE,40,2
-64,756,2021-06-19,M,FALSE,40,1
-64,365,2021-06-19,M,FALSE,40,2
65-,9459,2021-06-19,M,FALSE,40,1
65-,7528,2021-06-19,M,FALSE,40,2
-64,28,2021-06-19,U,FALSE,40,1
-64,167,2021-06-19,U,FALSE,40,2
65-,1,2021-06-19,U,FALSE,40,2
UNK,45,2021-06-19,U,FALSE,40,1
UNK,29,2021-06-19,U,FALSE,40,2
-64,1769,2021-06-20,F,FALSE,40,1
-64,639,2021-06-20,F,FALSE,40,2
65-,11525,2021-06-20,F,FALSE,40,1
65-,14107,2021-06-20,F,FALSE,40,2
-64,928,2021-06-20,M,FALSE,40,1
-64,284,2021-06-20,M,FALSE,40,2
65-,9774,2021-06-20,M,FALSE,40,1
65-,10117,2021-06-20,M,FALSE,40,2
-64,5,2021-06-20,U,FALSE,40,1
-64,87,2021-06-20,U,FALSE,40,2
65-,4,2021-06-20,U,FALSE,40,2
UNK,26,2021-06-20,U,FALSE,40,1
UNK,24,2021-06-20,U,FALSE,40,2
-64,1387,2021-06-21,F,FALSE,40,1
-64,847,2021-06-21,F,FALSE,40,2
65-,9655,2021-06-21,F,FALSE,40,1
65-,9837,2021-06-21,F,FALSE,40,2
-64,741,2021-06-21,M,FALSE,40,1
-64,382,2021-06-21,M,FALSE,40,2
65-,6999,2021-06-21,M,FALSE,40,1
65-,6632,2021-06-21,M,FALSE,40,2
-64,126,2021-06-21,U,FALSE,40,1
-64,99,2021-06-21,U,FALSE,40,2
65-,2,2021-06-21,U,FALSE,40,1
65-,1,2021-06-21,U,FALSE,40,2
UNK,62,2021-06-21,U,FALSE,40,1
UNK,48,2021-06-21,U,FALSE,40,2
-64,1622,2021-06-22,F,FALSE,40,1
-64,1087,2021-06-22,F,FALSE,40,2
65-,11536,2021-06-22,F,FALSE,40,1
65-,12392,2021-06-22,F,FALSE,40,2
-64,1018,2021-06-22,M,FALSE,40,1
-64,505,2021-06-22,M,FALSE,40,2
65-,8387,2021-06-22,M,FALSE,40,1
65-,8534,2021-06-22,M,FALSE,40,2
-64,141,2021-06-22,U,FALSE,40,1
-64,177,2021-06-22,U,FALSE,40,2
65-,3,2021-06-22,U,FALSE,40,1
65-,5,2021-06-22,U,FALSE,40,2
UNK,76,2021-06-22,U,FALSE,40,1
UNK,66,2021-06-22,U,FALSE,40,2
-64,2167,2021-06-23,F,FALSE,40,1
-64,1119,2021-06-23,F,FALSE,40,2
65-,13919,2021-06-23,F,FALSE,40,1
65-,14796,2021-06-23,F,FALSE,40,2
-64,1298,2021-06-23,M,FALSE,40,1
-64,499,2021-06-23,M,FALSE,40,2
65-,10499,2021-06-23,M,FALSE,40,1
65-,10063,2021-06-23,M,FALSE,40,2
-64,161,2021-06-23,U,FALSE,40,1
-64,156,2021-06-23,U,FALSE,40,2
65-,5,2021-06-23,U,FALSE,40,2
UNK,94,2021-06-23,U,FALSE,40,1
UNK,75,2021-06-23,U,FALSE,40,2
-64,2129,2021-06-24,F,FALSE,40,1
-64,1348,2021-06-24,F,FALSE,40,2
65-,14363,2021-06-24,F,FALSE,40,1
65-,15080,2021-06-24,F,FALSE,40,2
-64,1614,2021-06-24,M,FALSE,40,1
-64,672,2021-06-24,M,FALSE,40,2
65-,10450,2021-06-24,M,FALSE,40,1
65-,10575,2021-06-24,M,FALSE,40,2
-64,143,2021-06-24,U,FALSE,40,1
-64,114,2021-06-24,U,FALSE,40,2
65-,1,2021-06-24,U,FALSE,40,1
65-,4,2021-06-24,U,FALSE,40,2
UNK,77,2021-06-24,U,FALSE,40,1
UNK,52,2021-06-24,U,FALSE,40,2
-64,1806,2021-06-25,F,FALSE,40,1
-64,1261,2021-06-25,F,FALSE,40,2
65-,9696,2021-06-25,F,FALSE,40,1
65-,12815,2021-06-25,F,FALSE,40,2
-64,1440,2021-06-25,M,FALSE,40,1
-64,620,2021-06-25,M,FALSE,40,2
65-,7340,2021-06-25,M,FALSE,40,1
65-,8487,2021-06-25,M,FALSE,40,2
-64,213,2021-06-25,U,FALSE,40,1
-64,170,2021-06-25,U,FALSE,40,2
65-,3,2021-06-25,U,FALSE,40,2
UNK,63,2021-06-25,U,FALSE,40,1
UNK,69,2021-06-25,U,FALSE,40,2
-64,3150,2021-06-26,F,FALSE,40,1
-64,965,2021-06-26,F,FALSE,40,2
65-,12177,2021-06-26,F,FALSE,40,1
65-,11295,2021-06-26,F,FALSE,40,2
-64,2181,2021-06-26,M,FALSE,40,1
-64,512,2021-06-26,M,FALSE,40,2
65-,10428,2021-06-26,M,FALSE,40,1
65-,8171,2021-06-26,M,FALSE,40,2
-64,308,2021-06-26,U,FALSE,40,1
-64,103,2021-06-26,U,FALSE,40,2
65-,2,2021-06-26,U,FALSE,40,1
65-,3,2021-06-26,U,FALSE,40,2
UNK,57,2021-06-26,U,FALSE,40,1
UNK,29,2021-06-26,U,FALSE,40,2
-64,4114,2021-06-27,F,FALSE,40,1
-64,618,2021-06-27,F,FALSE,40,2
65-,13481,2021-06-27,F,FALSE,40,1
65-,10392,2021-06-27,F,FALSE,40,2
-64,2757,2021-06-27,M,FALSE,40,1
-64,370,2021-06-27,M,FALSE,40,2
65-,11853,2021-06-27,M,FALSE,40,1
65-,7767,2021-06-27,M,FALSE,40,2
-64,332,2021-06-27,U,FALSE,40,1
-64,103,2021-06-27,U,FALSE,40,2
65-,2,2021-06-27,U,FALSE,40,1
65-,1,2021-06-27,U,FALSE,40,2
UNK,61,2021-06-27,U,FALSE,40,1
UNK,12,2021-06-27,U,FALSE,40,2
-64,2376,2021-06-28,F,FALSE,40,1
-64,1115,2021-06-28,F,FALSE,40,2
65-,8233,2021-06-28,F,FALSE,40,1
65-,11631,2021-06-28,F,FALSE,40,2
-64,2508,2021-06-28,M,FALSE,40,1
-64,461,2021-06-28,M,FALSE,40,2
65-,6281,2021-06-28,M,FALSE,40,1
65-,8122,2021-06-28,M,FALSE,40,2
-64,287,2021-06-28,U,FALSE,40,1
-64,107,2021-06-28,U,FALSE,40,2
65-,4,2021-06-28,U,FALSE,40,2
UNK,73,2021-06-28,U,FALSE,40,1
UNK,68,2021-06-28,U,FALSE,40,2
-64,2906,2021-06-29,F,FALSE,40,1
-64,1485,2021-06-29,F,FALSE,40,2
65-,9644,2021-06-29,F,FALSE,40,1
65-,14162,2021-06-29,F,FALSE,40,2
-64,3109,2021-06-29,M,FALSE,40,1
-64,491,2021-06-29,M,FALSE,40,2
65-,7152,2021-06-29,M,FALSE,40,1
65-,9614,2021-06-29,M,FALSE,40,2
-64,324,2021-06-29,U,FALSE,40,1
-64,148,2021-06-29,U,FALSE,40,2
65-,1,2021-06-29,U,FALSE,40,2
UNK,91,2021-06-29,U,FALSE,40,1
UNK,81,2021-06-29,U,FALSE,40,2
-64,3404,2021-06-30,F,FALSE,40,1
-64,1567,2021-06-30,F,FALSE,40,2
65-,12375,2021-06-30,F,FALSE,40,1
65-,14942,2021-06-30,F,FALSE,40,2
-64,3663,2021-06-30,M,FALSE,40,1
-64,567,2021-06-30,M,FALSE,40,2
65-,10149,2021-06-30,M,FALSE,40,1
65-,10257,2021-06-30,M,FALSE,40,2
-64,382,2021-06-30,U,FALSE,40,1
-64,164,2021-06-30,U,FALSE,40,2
65-,2,2021-06-30,U,FALSE,40,1
65-,2,2021-06-30,U,FALSE,40,2
UNK,98,2021-06-30,U,FALSE,40,1
UNK,67,2021-06-30,U,FALSE,40,2
-64,3618,2021-07-01,F,FALSE,40,1
-64,1379,2021-07-01,F,FALSE,40,2
65-,9734,2021-07-01,F,FALSE,40,1
65-,13330,2021-07-01,F,FALSE,40,2
-64,3860,2021-07-01,M,FALSE,40,1
-64,437,2021-07-01,M,FALSE,40,2
65-,8140,2021-07-01,M,FALSE,40,1
65-,9219,2021-07-01,M,FALSE,40,2
-64,181,2021-07-01,U,FALSE,40,1
-64,118,2021-07-01,U,FALSE,40,2
UNK,55,2021-07-01,U,FALSE,40,1
UNK,48,2021-07-01,U,FALSE,40,2
-64,3690,2021-07-02,F,FALSE,40,1
-64,1590,2021-07-02,F,FALSE,40,2
65-,6440,2021-07-02,F,FALSE,40,1
65-,12649,2021-07-02,F,FALSE,40,2
-64,3893,2021-07-02,M,FALSE,40,1
-64,527,2021-07-02,M,FALSE,40,2
65-,5360,2021-07-02,M,FALSE,40,1
65-,8449,2021-07-02,M,FALSE,40,2
-64,240,2021-07-02,U,FALSE,40,1
-64,148,2021-07-02,U,FALSE,40,2
65-,3,2021-07-02,U,FALSE,40,2
UNK,64,2021-07-02,U,FALSE,40,1
UNK,47,2021-07-02,U,FALSE,40,2
-64,4866,2021-07-03,F,FALSE,40,1
-64,1355,2021-07-03,F,FALSE,40,2
65-,10543,2021-07-03,F,FALSE,40,1
65-,12342,2021-07-03,F,FALSE,40,2
-64,4918,2021-07-03,M,FALSE,40,1
-64,553,2021-07-03,M,FALSE,40,2
65-,9106,2021-07-03,M,FALSE,40,1
65-,9149,2021-07-03,M,FALSE,40,2
-64,313,2021-07-03,U,FALSE,40,1
-64,152,2021-07-03,U,FALSE,40,2
65-,2,2021-07-03,U,FALSE,40,1
UNK,112,2021-07-03,U,FALSE,40,1
UNK,28,2021-07-03,U,FALSE,40,2
-64,4585,2021-07-04,F,FALSE,40,1
-64,1089,2021-07-04,F,FALSE,40,2
65-,12849,2021-07-04,F,FALSE,40,1
65-,10990,2021-07-04,F,FALSE,40,2
-64,3684,2021-07-04,M,FALSE,40,1
-64,394,2021-07-04,M,FALSE,40,2
65-,11956,2021-07-04,M,FALSE,40,1
65-,8821,2021-07-04,M,FALSE,40,2
-64,151,2021-07-04,U,FALSE,40,1
-64,105,2021-07-04,U,FALSE,40,2
65-,5,2021-07-04,U,FALSE,40,2
UNK,160,2021-07-04,U,FALSE,40,1
UNK,18,2021-07-04,U,FALSE,40,2
-64,5913,2021-07-05,F,FALSE,40,1
-64,1100,2021-07-05,F,FALSE,40,2
65-,9508,2021-07-05,F,FALSE,40,1
65-,9596,2021-07-05,F,FALSE,40,2
-64,6763,2021-07-05,M,FALSE,40,1
-64,353,2021-07-05,M,FALSE,40,2
65-,7262,2021-07-05,M,FALSE,40,1
65-,6888,2021-07-05,M,FALSE,40,2
-64,204,2021-07-05,U,FALSE,40,1
-64,115,2021-07-05,U,FALSE,40,2
65-,3,2021-07-05,U,FALSE,40,1
65-,3,2021-07-05,U,FALSE,40,2
UNK,121,2021-07-05,U,FALSE,40,1
UNK,45,2021-07-05,U,FALSE,40,2
-64,6694,2021-07-06,F,FALSE,40,1
-64,1223,2021-07-06,F,FALSE,40,2
65-,10184,2021-07-06,F,FALSE,40,1
65-,11850,2021-07-06,F,FALSE,40,2
-64,6952,2021-07-06,M,FALSE,40,1
-64,458,2021-07-06,M,FALSE,40,2
65-,7881,2021-07-06,M,FALSE,40,1
65-,8668,2021-07-06,M,FALSE,40,2
-64,195,2021-07-06,U,FALSE,40,1
-64,123,2021-07-06,U,FALSE,40,2
65-,3,2021-07-06,U,FALSE,40,1
65-,4,2021-07-06,U,FALSE,40,2
UNK,74,2021-07-06,U,FALSE,40,1
UNK,54,2021-07-06,U,FALSE,40,2
-64,7438,2021-07-07,F,FALSE,40,1
-64,1210,2021-07-07,F,FALSE,40,2
65-,12434,2021-07-07,F,FALSE,40,1
65-,13103,2021-07-07,F,FALSE,40,2
-64,8130,2021-07-07,M,FALSE,40,1
-64,551,2021-07-07,M,FALSE,40,2
65-,10018,2021-07-07,M,FALSE,40,1
65-,10147,2021-07-07,M,FALSE,40,2
-64,173,2021-07-07,U,FALSE,40,1
-64,162,2021-07-07,U,FALSE,40,2
65-,2,2021-07-07,U,FALSE,40,1
UNK,86,2021-07-07,U,FALSE,40,1
UNK,49,2021-07-07,U,FALSE,40,2
-64,8296,2021-07-08,F,FALSE,40,1
-64,1292,2021-07-08,F,FALSE,40,2
65-,11791,2021-07-08,F,FALSE,40,1
65-,12781,2021-07-08,F,FALSE,40,2
-64,8589,2021-07-08,M,FALSE,40,1
-64,509,2021-07-08,M,FALSE,40,2
65-,9359,2021-07-08,M,FALSE,40,1
65-,9536,2021-07-08,M,FALSE,40,2
-64,177,2021-07-08,U,FALSE,40,1
-64,146,2021-07-08,U,FALSE,40,2
65-,2,2021-07-08,U,FALSE,40,1
65-,2,2021-07-08,U,FALSE,40,2
UNK,74,2021-07-08,U,FALSE,40,1
UNK,47,2021-07-08,U,FALSE,40,2
-64,9382,2021-07-09,F,FALSE,40,1
-64,767,2021-07-09,F,FALSE,40,2
65-,7813,2021-07-09,F,FALSE,40,1
65-,10816,2021-07-09,F,FALSE,40,2
-64,9699,2021-07-09,M,FALSE,40,1
-64,567,2021-07-09,M,FALSE,40,2
65-,5753,2021-07-09,M,FALSE,40,1
65-,7882,2021-07-09,M,FALSE,40,2
-64,187,2021-07-09,U,FALSE,40,1
-64,54,2021-07-09,U,FALSE,40,2
65-,6,2021-07-09,U,FALSE,40,2
UNK,80,2021-07-09,U,FALSE,40,1
UNK,42,2021-07-09,U,FALSE,40,2
-64,8118,2021-07-10,F,FALSE,40,1
-64,962,2021-07-10,F,FALSE,40,2
65-,7798,2021-07-10,F,FALSE,40,1
65-,12039,2021-07-10,F,FALSE,40,2
-64,9404,2021-07-10,M,FALSE,40,1
-64,650,2021-07-10,M,FALSE,40,2
65-,6735,2021-07-10,M,FALSE,40,1
65-,9903,2021-07-10,M,FALSE,40,2
-64,272,2021-07-10,U,FALSE,40,1
-64,12,2021-07-10,U,FALSE,40,2
65-,1,2021-07-10,U,FALSE,40,1
UNK,33,2021-07-10,U,FALSE,40,1
UNK,36,2021-07-10,U,FALSE,40,2
-64,7894,2021-07-11,F,FALSE,40,1
-64,1701,2021-07-11,F,FALSE,40,2
65-,2620,2021-07-11,F,FALSE,40,1
65-,12868,2021-07-11,F,FALSE,40,2
-64,9587,2021-07-11,M,FALSE,40,1
-64,920,2021-07-11,M,FALSE,40,2
65-,2525,2021-07-11,M,FALSE,40,1
65-,10787,2021-07-11,M,FALSE,40,2
-64,27,2021-07-11,U,FALSE,40,1
-64,6,2021-07-11,U,FALSE,40,2
UNK,13,2021-07-11,U,FALSE,40,1
UNK,19,2021-07-11,U,FALSE,40,2
-64,9884,2021-07-12,F,FALSE,40,1
-64,703,2021-07-12,F,FALSE,40,2
65-,4044,2021-07-12,F,FALSE,40,1
65-,9786,2021-07-12,F,FALSE,40,2
-64,10185,2021-07-12,M,FALSE,40,1
-64,517,2021-07-12,M,FALSE,40,2
65-,3033,2021-07-12,M,FALSE,40,1
65-,7203,2021-07-12,M,FALSE,40,2
-64,9,2021-07-12,U,FALSE,40,1
-64,27,2021-07-12,U,FALSE,40,2
65-,4,2021-07-12,U,FALSE,40,2
UNK,48,2021-07-12,U,FALSE,40,1
UNK,52,2021-07-12,U,FALSE,40,2
-64,11761,2021-07-13,F,FALSE,40,1
-64,736,2021-07-13,F,FALSE,40,2
65-,4367,2021-07-13,F,FALSE,40,1
65-,11921,2021-07-13,F,FALSE,40,2
-64,11397,2021-07-13,M,FALSE,40,1
-64,556,2021-07-13,M,FALSE,40,2
65-,3139,2021-07-13,M,FALSE,40,1
65-,8677,2021-07-13,M,FALSE,40,2
-64,9,2021-07-13,U,FALSE,40,1
-64,35,2021-07-13,U,FALSE,40,2
65-,1,2021-07-13,U,FALSE,40,2
UNK,56,2021-07-13,U,FALSE,40,1
UNK,41,2021-07-13,U,FALSE,40,2
-64,11678,2021-07-14,F,FALSE,40,1
-64,994,2021-07-14,F,FALSE,40,2
65-,3713,2021-07-14,F,FALSE,40,1
65-,14020,2021-07-14,F,FALSE,40,2
-64,11877,2021-07-14,M,FALSE,40,1
-64,815,2021-07-14,M,FALSE,40,2
65-,2844,2021-07-14,M,FALSE,40,1
65-,10719,2021-07-14,M,FALSE,40,2
-64,5,2021-07-14,U,FALSE,40,1
-64,40,2021-07-14,U,FALSE,40,2
UNK,43,2021-07-14,U,FALSE,40,1
UNK,50,2021-07-14,U,FALSE,40,2
-64,11743,2021-07-15,F,FALSE,40,1
-64,1138,2021-07-15,F,FALSE,40,2
65-,3321,2021-07-15,F,FALSE,40,1
65-,14599,2021-07-15,F,FALSE,40,2
-64,11781,2021-07-15,M,FALSE,40,1
-64,983,2021-07-15,M,FALSE,40,2
65-,2319,2021-07-15,M,FALSE,40,1
65-,10734,2021-07-15,M,FALSE,40,2
-64,11,2021-07-15,U,FALSE,40,1
-64,33,2021-07-15,U,FALSE,40,2
65-,1,2021-07-15,U,FALSE,40,1
65-,1,2021-07-15,U,FALSE,40,2
UNK,40,2021-07-15,U,FALSE,40,1
UNK,39,2021-07-15,U,FALSE,40,2
-64,13175,2021-07-16,F,FALSE,40,1
-64,1067,2021-07-16,F,FALSE,40,2
65-,3161,2021-07-16,F,FALSE,40,1
65-,10479,2021-07-16,F,FALSE,40,2
-64,12433,2021-07-16,M,FALSE,40,1
-64,961,2021-07-16,M,FALSE,40,2
65-,2279,2021-07-16,M,FALSE,40,1
65-,7971,2021-07-16,M,FALSE,40,2
-64,16,2021-07-16,U,FALSE,40,1
-64,87,2021-07-16,U,FALSE,40,2
65-,4,2021-07-16,U,FALSE,40,1
UNK,44,2021-07-16,U,FALSE,40,1
UNK,37,2021-07-16,U,FALSE,40,2
-64,10822,2021-07-17,F,FALSE,40,1
-64,1244,2021-07-17,F,FALSE,40,2
65-,1860,2021-07-17,F,FALSE,40,1
65-,12040,2021-07-17,F,FALSE,40,2
-64,12887,2021-07-17,M,FALSE,40,1
-64,1069,2021-07-17,M,FALSE,40,2
65-,1567,2021-07-17,M,FALSE,40,1
65-,10143,2021-07-17,M,FALSE,40,2
-64,8,2021-07-17,U,FALSE,40,1
-64,76,2021-07-17,U,FALSE,40,2
UNK,23,2021-07-17,U,FALSE,40,1
UNK,15,2021-07-17,U,FALSE,40,2
-64,9918,2021-07-18,F,FALSE,40,1
-64,2456,2021-07-18,F,FALSE,40,2
65-,1697,2021-07-18,F,FALSE,40,1
65-,13197,2021-07-18,F,FALSE,40,2
-64,10410,2021-07-18,M,FALSE,40,1
-64,1776,2021-07-18,M,FALSE,40,2
65-,1584,2021-07-18,M,FALSE,40,1
65-,11765,2021-07-18,M,FALSE,40,2
-64,53,2021-07-18,U,FALSE,40,2
UNK,17,2021-07-18,U,FALSE,40,1
UNK,18,2021-07-18,U,FALSE,40,2
-64,9360,2021-07-19,F,FALSE,40,1
-64,1721,2021-07-19,F,FALSE,40,2
65-,1126,2021-07-19,F,FALSE,40,1
65-,8131,2021-07-19,F,FALSE,40,2
-64,9704,2021-07-19,M,FALSE,40,1
-64,1196,2021-07-19,M,FALSE,40,2
65-,779,2021-07-19,M,FALSE,40,1
65-,6303,2021-07-19,M,FALSE,40,2
-64,3,2021-07-19,U,FALSE,40,1
-64,219,2021-07-19,U,FALSE,40,2
UNK,39,2021-07-19,U,FALSE,40,1
UNK,40,2021-07-19,U,FALSE,40,2
-64,14178,2021-07-20,F,FALSE,40,1
-64,2164,2021-07-20,F,FALSE,40,2
65-,2257,2021-07-20,F,FALSE,40,1
65-,9924,2021-07-20,F,FALSE,40,2
-64,13345,2021-07-20,M,FALSE,40,1
-64,1850,2021-07-20,M,FALSE,40,2
65-,1722,2021-07-20,M,FALSE,40,1
65-,7415,2021-07-20,M,FALSE,40,2
-64,1,2021-07-20,U,FALSE,40,1
-64,252,2021-07-20,U,FALSE,40,2
65-,2,2021-07-20,U,FALSE,40,2
UNK,33,2021-07-20,U,FALSE,40,1
UNK,59,2021-07-20,U,FALSE,40,2
-64,13639,2021-07-21,F,FALSE,40,1
-64,2696,2021-07-21,F,FALSE,40,2
65-,1934,2021-07-21,F,FALSE,40,1
65-,13197,2021-07-21,F,FALSE,40,2
-64,13513,2021-07-21,M,FALSE,40,1
-64,2089,2021-07-21,M,FALSE,40,2
65-,1464,2021-07-21,M,FALSE,40,1
65-,10835,2021-07-21,M,FALSE,40,2
-64,2,2021-07-21,U,FALSE,40,1
-64,308,2021-07-21,U,FALSE,40,2
65-,1,2021-07-21,U,FALSE,40,2
UNK,85,2021-07-21,U,FALSE,40,1
UNK,42,2021-07-21,U,FALSE,40,2
-64,4671,2021-07-22,F,FALSE,40,1
-64,1442,2021-07-22,F,FALSE,40,2
65-,277,2021-07-22,F,FALSE,40,1
65-,4268,2021-07-22,F,FALSE,40,2
-64,5197,2021-07-22,M,FALSE,40,1
-64,1099,2021-07-22,M,FALSE,40,2
65-,237,2021-07-22,M,FALSE,40,1
65-,3663,2021-07-22,M,FALSE,40,2
-64,134,2021-07-22,U,FALSE,40,2
UNK,22,2021-07-22,U,FALSE,40,1
UNK,22,2021-07-22,U,FALSE,40,2
-64,3599,2021-07-23,F,FALSE,40,1
-64,1454,2021-07-23,F,FALSE,40,2
65-,147,2021-07-23,F,FALSE,40,1
65-,3038,2021-07-23,F,FALSE,40,2
-64,4353,2021-07-23,M,FALSE,40,1
-64,1354,2021-07-23,M,FALSE,40,2
65-,132,2021-07-23,M,FALSE,40,1
65-,2610,2021-07-23,M,FALSE,40,2
-64,1,2021-07-23,U,FALSE,40,1
-64,157,2021-07-23,U,FALSE,40,2
UNK,22,2021-07-23,U,FALSE,40,1
UNK,8,2021-07-23,U,FALSE,40,2
-64,7139,2021-07-24,F,FALSE,40,1
-64,4889,2021-07-24,F,FALSE,40,2
65-,639,2021-07-24,F,FALSE,40,1
65-,12447,2021-07-24,F,FALSE,40,2
-64,8275,2021-07-24,M,FALSE,40,1
-64,4738,2021-07-24,M,FALSE,40,2
65-,501,2021-07-24,M,FALSE,40,1
65-,10721,2021-07-24,M,FALSE,40,2
-64,263,2021-07-24,U,FALSE,40,2
65-,2,2021-07-24,U,FALSE,40,2
UNK,58,2021-07-24,U,FALSE,40,1
UNK,56,2021-07-24,U,FALSE,40,2
-64,7031,2021-07-25,F,FALSE,40,1
-64,5064,2021-07-25,F,FALSE,40,2
65-,714,2021-07-25,F,FALSE,40,1
65-,13309,2021-07-25,F,FALSE,40,2
-64,6326,2021-07-25,M,FALSE,40,1
-64,4036,2021-07-25,M,FALSE,40,2
65-,631,2021-07-25,M,FALSE,40,1
65-,12240,2021-07-25,M,FALSE,40,2
-64,251,2021-07-25,U,FALSE,40,2
65-,2,2021-07-25,U,FALSE,40,2
UNK,27,2021-07-25,U,FALSE,40,1
UNK,66,2021-07-25,U,FALSE,40,2
-64,8994,2021-07-26,F,FALSE,40,1
-64,5750,2021-07-26,F,FALSE,40,2
65-,1203,2021-07-26,F,FALSE,40,1
65-,10696,2021-07-26,F,FALSE,40,2
-64,9261,2021-07-26,M,FALSE,40,1
-64,5978,2021-07-26,M,FALSE,40,2
65-,856,2021-07-26,M,FALSE,40,1
65-,8344,2021-07-26,M,FALSE,40,2
-64,1,2021-07-26,U,FALSE,40,1
-64,197,2021-07-26,U,FALSE,40,2
65-,3,2021-07-26,U,FALSE,40,2
UNK,47,2021-07-26,U,FALSE,40,1
UNK,110,2021-07-26,U,FALSE,40,2
-64,10889,2021-07-27,F,FALSE,40,1
-64,6387,2021-07-27,F,FALSE,40,2
65-,1405,2021-07-27,F,FALSE,40,1
65-,11235,2021-07-27,F,FALSE,40,2
-64,9887,2021-07-27,M,FALSE,40,1
-64,6353,2021-07-27,M,FALSE,40,2
65-,956,2021-07-27,M,FALSE,40,1
65-,8741,2021-07-27,M,FALSE,40,2
-64,208,2021-07-27,U,FALSE,40,2
65-,3,2021-07-27,U,FALSE,40,2
UNK,63,2021-07-27,U,FALSE,40,1
UNK,69,2021-07-27,U,FALSE,40,2
-64,9705,2021-07-28,F,FALSE,40,1
-64,7304,2021-07-28,F,FALSE,40,2
65-,1373,2021-07-28,F,FALSE,40,1
65-,13401,2021-07-28,F,FALSE,40,2
-64,9412,2021-07-28,M,FALSE,40,1
-64,7395,2021-07-28,M,FALSE,40,2
65-,1062,2021-07-28,M,FALSE,40,1
65-,10929,2021-07-28,M,FALSE,40,2
-64,1,2021-07-28,U,FALSE,40,1
-64,214,2021-07-28,U,FALSE,40,2
65-,2,2021-07-28,U,FALSE,40,2
UNK,42,2021-07-28,U,FALSE,40,1
UNK,76,2021-07-28,U,FALSE,40,2
-64,10584,2021-07-29,F,FALSE,40,1
-64,8093,2021-07-29,F,FALSE,40,2
65-,1328,2021-07-29,F,FALSE,40,1
65-,12538,2021-07-29,F,FALSE,40,2
-64,10197,2021-07-29,M,FALSE,40,1
-64,7992,2021-07-29,M,FALSE,40,2
65-,965,2021-07-29,M,FALSE,40,1
65-,10014,2021-07-29,M,FALSE,40,2
-64,207,2021-07-29,U,FALSE,40,2
65-,1,2021-07-29,U,FALSE,40,2
UNK,48,2021-07-29,U,FALSE,40,1
UNK,83,2021-07-29,U,FALSE,40,2
-64,11639,2021-07-30,F,FALSE,40,1
-64,9219,2021-07-30,F,FALSE,40,2
65-,1065,2021-07-30,F,FALSE,40,1
65-,8448,2021-07-30,F,FALSE,40,2
-64,10221,2021-07-30,M,FALSE,40,1
-64,8863,2021-07-30,M,FALSE,40,2
65-,745,2021-07-30,M,FALSE,40,1
65-,6340,2021-07-30,M,FALSE,40,2
-64,1,2021-07-30,U,FALSE,40,1
-64,239,2021-07-30,U,FALSE,40,2
UNK,66,2021-07-30,U,FALSE,40,1
UNK,74,2021-07-30,U,FALSE,40,2
-64,10158,2021-07-31,F,FALSE,40,1
-64,8629,2021-07-31,F,FALSE,40,2
65-,580,2021-07-31,F,FALSE,40,1
65-,8365,2021-07-31,F,FALSE,40,2
-64,10710,2021-07-31,M,FALSE,40,1
-64,9263,2021-07-31,M,FALSE,40,2
65-,421,2021-07-31,M,FALSE,40,1
65-,7348,2021-07-31,M,FALSE,40,2
-64,322,2021-07-31,U,FALSE,40,2
65-,2,2021-07-31,U,FALSE,40,2
UNK,50,2021-07-31,U,FALSE,40,1
UNK,85,2021-07-31,U,FALSE,40,2
-64,10170,2021-08-01,F,FALSE,40,1
-64,7509,2021-08-01,F,FALSE,40,2
65-,362,2021-08-01,F,FALSE,40,1
65-,3507,2021-08-01,F,FALSE,40,2
-64,10784,2021-08-01,M,FALSE,40,1
-64,8314,2021-08-01,M,FALSE,40,2
65-,344,2021-08-01,M,FALSE,40,1
65-,3375,2021-08-01,M,FALSE,40,2
-64,142,2021-08-01,U,FALSE,40,2
UNK,45,2021-08-01,U,FALSE,40,1
UNK,119,2021-08-01,U,FALSE,40,2
-64,8877,2021-08-02,F,FALSE,40,1
-64,7372,2021-08-02,F,FALSE,40,2
65-,714,2021-08-02,F,FALSE,40,1
65-,3893,2021-08-02,F,FALSE,40,2
-64,8247,2021-08-02,M,FALSE,40,1
-64,8049,2021-08-02,M,FALSE,40,2
65-,510,2021-08-02,M,FALSE,40,1
65-,3000,2021-08-02,M,FALSE,40,2
-64,155,2021-08-02,U,FALSE,40,2
UNK,36,2021-08-02,U,FALSE,40,1
UNK,39,2021-08-02,U,FALSE,40,2
-64,9884,2021-08-03,F,FALSE,40,1
-64,8638,2021-08-03,F,FALSE,40,2
65-,639,2021-08-03,F,FALSE,40,1
65-,4098,2021-08-03,F,FALSE,40,2
-64,8935,2021-08-03,M,FALSE,40,1
-64,8650,2021-08-03,M,FALSE,40,2
65-,453,2021-08-03,M,FALSE,40,1
65-,3010,2021-08-03,M,FALSE,40,2
-64,149,2021-08-03,U,FALSE,40,2
UNK,29,2021-08-03,U,FALSE,40,1
UNK,41,2021-08-03,U,FALSE,40,2
-64,8572,2021-08-04,F,FALSE,40,1
-64,8955,2021-08-04,F,FALSE,40,2
65-,473,2021-08-04,F,FALSE,40,1
65-,3422,2021-08-04,F,FALSE,40,2
-64,8023,2021-08-04,M,FALSE,40,1
-64,9079,2021-08-04,M,FALSE,40,2
65-,340,2021-08-04,M,FALSE,40,1
65-,2633,2021-08-04,M,FALSE,40,2
-64,125,2021-08-04,U,FALSE,40,2
UNK,36,2021-08-04,U,FALSE,40,1
UNK,29,2021-08-04,U,FALSE,40,2
-64,9912,2021-08-05,F,FALSE,40,1
-64,9987,2021-08-05,F,FALSE,40,2
65-,423,2021-08-05,F,FALSE,40,1
65-,3366,2021-08-05,F,FALSE,40,2
-64,8646,2021-08-05,M,FALSE,40,1
-64,9804,2021-08-05,M,FALSE,40,2
65-,326,2021-08-05,M,FALSE,40,1
65-,2450,2021-08-05,M,FALSE,40,2
-64,140,2021-08-05,U,FALSE,40,2
65-,1,2021-08-05,U,FALSE,40,2
UNK,37,2021-08-05,U,FALSE,40,1
UNK,35,2021-08-05,U,FALSE,40,2
-64,9696,2021-08-06,F,FALSE,40,1
-64,9617,2021-08-06,F,FALSE,40,2
65-,434,2021-08-06,F,FALSE,40,1
65-,2886,2021-08-06,F,FALSE,40,2
-64,7647,2021-08-06,M,FALSE,40,1
-64,8719,2021-08-06,M,FALSE,40,2
65-,317,2021-08-06,M,FALSE,40,1
65-,2071,2021-08-06,M,FALSE,40,2
-64,138,2021-08-06,U,FALSE,40,2
65-,2,2021-08-06,U,FALSE,40,2
UNK,33,2021-08-06,U,FALSE,40,1
UNK,32,2021-08-06,U,FALSE,40,2
-64,12992,2021-08-07,F,FALSE,40,1
-64,9645,2021-08-07,F,FALSE,40,2
65-,285,2021-08-07,F,FALSE,40,1
65-,1884,2021-08-07,F,FALSE,40,2
-64,12615,2021-08-07,M,FALSE,40,1
-64,10298,2021-08-07,M,FALSE,40,2
65-,206,2021-08-07,M,FALSE,40,1
65-,1628,2021-08-07,M,FALSE,40,2
-64,255,2021-08-07,U,FALSE,40,2
65-,1,2021-08-07,U,FALSE,40,2
UNK,32,2021-08-07,U,FALSE,40,1
UNK,25,2021-08-07,U,FALSE,40,2
-64,14940,2021-08-08,F,FALSE,40,1
-64,5706,2021-08-08,F,FALSE,40,2
65-,239,2021-08-08,F,FALSE,40,1
65-,1513,2021-08-08,F,FALSE,40,2
-64,17044,2021-08-08,M,FALSE,40,1
-64,7075,2021-08-08,M,FALSE,40,2
65-,222,2021-08-08,M,FALSE,40,1
65-,1475,2021-08-08,M,FALSE,40,2
-64,36,2021-08-08,U,FALSE,40,2
UNK,26,2021-08-08,U,FALSE,40,1
UNK,16,2021-08-08,U,FALSE,40,2
-64,2907,2021-08-09,F,FALSE,40,1
-64,1822,2021-08-09,F,FALSE,40,2
65-,32,2021-08-09,F,FALSE,40,1
65-,98,2021-08-09,F,FALSE,40,2
-64,2877,2021-08-09,M,FALSE,40,1
-64,1938,2021-08-09,M,FALSE,40,2
65-,24,2021-08-09,M,FALSE,40,1
65-,60,2021-08-09,M,FALSE,40,2
-64,5,2021-08-09,U,FALSE,40,2
UNK,5,2021-08-09,U,FALSE,40,1
UNK,3,2021-08-09,U,FALSE,40,2
-64,8190,2021-08-10,F,FALSE,40,1
-64,11791,2021-08-10,F,FALSE,40,2
65-,409,2021-08-10,F,FALSE,40,1
65-,2284,2021-08-10,F,FALSE,40,2
-64,7886,2021-08-10,M,FALSE,40,1
-64,10499,2021-08-10,M,FALSE,40,2
65-,336,2021-08-10,M,FALSE,40,1
65-,1682,2021-08-10,M,FALSE,40,2
-64,4,2021-08-10,U,FALSE,40,2
UNK,28,2021-08-10,U,FALSE,40,1
UNK,32,2021-08-10,U,FALSE,40,2
-64,9544,2021-08-11,F,FALSE,40,1
-64,9467,2021-08-11,F,FALSE,40,2
65-,325,2021-08-11,F,FALSE,40,1
65-,1650,2021-08-11,F,FALSE,40,2
-64,9734,2021-08-11,M,FALSE,40,1
-64,8723,2021-08-11,M,FALSE,40,2
65-,268,2021-08-11,M,FALSE,40,1
65-,1248,2021-08-11,M,FALSE,40,2
-64,5,2021-08-11,U,FALSE,40,2
UNK,16,2021-08-11,U,FALSE,40,1
UNK,28,2021-08-11,U,FALSE,40,2
-64,7920,2021-08-12,F,FALSE,40,1
-64,4757,2021-08-12,F,FALSE,40,2
65-,224,2021-08-12,F,FALSE,40,1
65-,528,2021-08-12,F,FALSE,40,2
-64,7481,2021-08-12,M,FALSE,40,1
-64,4706,2021-08-12,M,FALSE,40,2
65-,203,2021-08-12,M,FALSE,40,1
65-,413,2021-08-12,M,FALSE,40,2
-64,1,2021-08-12,U,FALSE,40,2
UNK,25,2021-08-12,U,FALSE,40,1
UNK,14,2021-08-12,U,FALSE,40,2
-64,2883,2021-08-13,F,FALSE,40,1
-64,2287,2021-08-13,F,FALSE,40,2
65-,62,2021-08-13,F,FALSE,40,1
65-,111,2021-08-13,F,FALSE,40,2
-64,2903,2021-08-13,M,FALSE,40,1
-64,2542,2021-08-13,M,FALSE,40,2
65-,38,2021-08-13,M,FALSE,40,1
65-,83,2021-08-13,M,FALSE,40,2
-64,2,2021-08-13,U,FALSE,40,2
UNK,6,2021-08-13,U,FALSE,40,1
UNK,7,2021-08-13,U,FALSE,40,2
-64,1249,2021-08-14,F,FALSE,40,1
-64,938,2021-08-14,F,FALSE,40,2
65-,38,2021-08-14,F,FALSE,40,1
65-,168,2021-08-14,F,FALSE,40,2
-64,1309,2021-08-14,M,FALSE,40,1
-64,1036,2021-08-14,M,FALSE,40,2
65-,29,2021-08-14,M,FALSE,40,1
65-,116,2021-08-14,M,FALSE,40,2
UNK,3,2021-08-14,U,FALSE,40,1
UNK,16,2021-08-14,U,FALSE,40,2
